pull_request_id,reviewer_id,created_at,updated_at
pr-test_backend-open-1-dp5gjl,tb6,2025-10-27 00:34:54,2025-10-27 02:00:54
pr-test_backend-open-1-dp5gjl,tb7,2025-10-27 00:34:54,2025-10-27 02:00:54
pr-test_backend-open-2-b8ic8b,tb3,2025-11-15 07:00:54,2025-11-15 07:51:54
pr-test_backend-open-2-b8ic8b,tb10,2025-11-15 07:00:54,2025-11-15 07:51:54
pr-test_backend-open-3-8qjnv8,tb4,2025-10-14 23:41:54,2025-10-15 03:00:54
pr-test_backend-open-3-8qjnv8,tb7,2025-10-14 23:41:54,2025-10-15 03:00:54
pr-test_backend-open-4-7hv3iz,tb6,2025-11-03 01:21:54,2025-11-03 03:54:54
pr-test_backend-open-4-7hv3iz,tb10,2025-11-03 01:21:54,2025-11-03 03:54:54
pr-test_backend-open-5-cxaprp,tb1,2025-10-31 06:56:54,2025-10-31 08:53:54
pr-test_backend-open-5-cxaprp,tb7,2025-10-31 06:56:54,2025-10-31 08:53:54
pr-test_backend-open-6-p0j43d,tb5,2025-10-27 04:29:54,2025-10-27 07:41:54
pr-test_backend-open-6-p0j43d,tb2,2025-10-27 04:29:54,2025-10-27 07:41:54
pr-test_backend-open-7-mjkv5u,tb1,2025-10-24 04:21:54,2025-10-24 04:42:54
pr-test_backend-open-7-mjkv5u,tb6,2025-10-24 04:21:54,2025-10-24 04:42:54
pr-test_backend-open-8-qakoix,tb1,2025-10-30 22:47:54,2025-10-31 01:08:54
pr-test_backend-open-8-qakoix,tb7,2025-10-30 22:47:54,2025-10-31 01:08:54
pr-test_backend-merged-1-lizl08,tb2,2025-10-24 10:17:54,2025-10-24 11:51:54
pr-test_backend-merged-1-lizl08,tb4,2025-10-24 10:17:54,2025-10-24 11:51:54
pr-test_backend-merged-2-igatj9,tb7,2025-10-29 15:11:54,2025-10-29 17:02:54
pr-test_backend-merged-2-igatj9,tb4,2025-10-29 15:11:54,2025-10-29 17:02:54
pr-test_backend-merged-3-m8j5ec,tb7,2025-11-01 07:09:54,2025-11-01 07:28:54
pr-test_backend-merged-3-m8j5ec,tb6,2025-11-01 07:09:54,2025-11-01 07:28:54
pr-test_backend-merged-4-n6kvpu,tb10,2025-11-14 09:27:54,2025-11-14 09:53:54
pr-test_backend-merged-4-n6kvpu,tb7,2025-11-14 09:27:54,2025-11-14 09:53:54
pr-team_1-open-1-caqvki,u1_3,2025-10-15 12:51:54,2025-10-15 15:50:54
pr-team_1-open-1-caqvki,u1_5,2025-10-15 12:51:54,2025-10-15 15:50:54
pr-team_1-open-2-eifjfc,u1_6,2025-11-02 18:23:54,2025-11-02 21:34:54
pr-team_1-open-2-eifjfc,u1_2,2025-11-02 18:23:54,2025-11-02 21:34:54
pr-team_1-open-3-z7srcb,u1_2,2025-10-28 03:05:54,2025-10-28 04:27:54
pr-team_1-open-3-z7srcb,u1_7,2025-10-28 03:05:54,2025-10-28 04:27:54
pr-team_1-open-4-u1gspk,u1_6,2025-10-21 02:21:54,2025-10-21 05:03:54
pr-team_1-open-4-u1gspk,u1_3,2025-10-21 02:21:54,2025-10-21 05:03:54
pr-team_1-open-5-ldforx,u1_5,2025-10-29 13:40:54,2025-10-29 16:00:54
pr-team_1-open-5-ldforx,u1_7,2025-10-29 13:40:54,2025-10-29 16:00:54
pr-team_1-open-6-8os9xt,u1_1,2025-10-28 20:41:54,2025-10-28 21:29:54
pr-team_1-open-6-8os9xt,u1_3,2025-10-28 20:41:54,2025-10-28 21:29:54
pr-team_1-open-7-ht7pze,u1_5,2025-10-19 02:16:54,2025-10-19 03:17:54
pr-team_1-open-7-ht7pze,u1_9,2025-10-19 02:16:54,2025-10-19 03:17:54
pr-team_1-open-8-i4e8xf,u1_9,2025-10-15 02:21:54,2025-10-15 04:31:54
pr-team_1-open-8-i4e8xf,u1_1,2025-10-15 02:21:54,2025-10-15 04:31:54
pr-team_1-merged-1-tn7s55,u1_6,2025-11-06 08:49:54,2025-11-06 10:29:54
pr-team_1-merged-1-tn7s55,u1_2,2025-11-06 08:49:54,2025-11-06 10:29:54
pr-team_1-merged-2-qrl1n7,u1_6,2025-10-19 04:03:54,2025-10-19 04:52:54
pr-team_1-merged-2-qrl1n7,u1_9,2025-10-19 04:03:54,2025-10-19 04:52:54
pr-team_1-merged-3-nx39rb,u1_2,2025-10-29 04:41:54,2025-10-29 04:53:54
pr-team_1-merged-3-nx39rb,u1_3,2025-10-29 04:41:54,2025-10-29 04:53:54
pr-team_1-merged-4-58c2jw,u1_1,2025-11-03 10:39:54,2025-11-03 11:21:54
pr-team_1-merged-4-58c2jw,u1_3,2025-11-03 10:39:54,2025-11-03 11:21:54
pr-team_2-open-1-bcw790,u2_5,2025-10-27 22:15:54,2025-10-28 01:29:54
pr-team_2-open-1-bcw790,u2_6,2025-10-27 22:15:54,2025-10-28 01:29:54
pr-team_2-open-2-knftu2,u2_9,2025-11-08 22:54:54,2025-11-08 23:14:54
pr-team_2-open-2-knftu2,u2_2,2025-11-08 22:54:54,2025-11-08 23:14:54
pr-team_2-open-3-qjja26,u2_1,2025-10-16 22:02:54,2025-10-16 22:42:54
pr-team_2-open-3-qjja26,u2_9,2025-10-16 22:02:54,2025-10-16 22:42:54
pr-team_2-open-4-qk94dn,u2_2,2025-10-31 10:13:54,2025-10-31 11:28:54
pr-team_2-open-4-qk94dn,u2_9,2025-10-31 10:13:54,2025-10-31 11:28:54
pr-team_2-open-5-0361i2,u2_4,2025-11-06 19:20:54,2025-11-06 20:08:54
pr-team_2-open-5-0361i2,u2_9,2025-11-06 19:20:54,2025-11-06 20:08:54
pr-team_2-open-6-ne6loh,u2_1,2025-10-23 04:13:54,2025-10-23 06:28:54
pr-team_2-open-6-ne6loh,u2_8,2025-10-23 04:13:54,2025-10-23 06:28:54
pr-team_2-open-7-qc1iyy,u2_9,2025-10-29 16:08:54,2025-10-29 17:41:54
pr-team_2-open-7-qc1iyy,u2_6,2025-10-29 16:08:54,2025-10-29 17:41:54
pr-team_2-open-8-n0jnwn,u2_4,2025-10-16 23:43:54,2025-10-17 01:43:54
pr-team_2-open-8-n0jnwn,u2_9,2025-10-16 23:43:54,2025-10-17 01:43:54
pr-team_2-merged-1-6kof8k,u2_2,2025-11-01 00:20:54,2025-11-01 02:13:54
pr-team_2-merged-1-6kof8k,u2_1,2025-11-01 00:20:54,2025-11-01 02:13:54
pr-team_2-merged-2-x4w7ky,u2_4,2025-11-07 17:20:54,2025-11-07 19:09:54
pr-team_2-merged-2-x4w7ky,u2_2,2025-11-07 17:20:54,2025-11-07 19:09:54
pr-team_2-merged-3-ge4qxx,u2_7,2025-10-28 10:30:54,2025-10-28 11:12:54
pr-team_2-merged-3-ge4qxx,u2_9,2025-10-28 10:30:54,2025-10-28 11:12:54
pr-team_2-merged-4-h5lf6a,u2_9,2025-10-19 19:59:54,2025-10-19 20:31:54
pr-team_2-merged-4-h5lf6a,u2_4,2025-10-19 19:59:54,2025-10-19 20:31:54
pr-team_3-open-1-lgb0s0,u3_8,2025-10-26 01:33:54,2025-10-26 04:52:54
pr-team_3-open-1-lgb0s0,u3_7,2025-10-26 01:33:54,2025-10-26 04:52:54
pr-team_3-open-2-b25sq8,u3_8,2025-11-13 23:26:54,2025-11-14 01:08:54
pr-team_3-open-2-b25sq8,u3_5,2025-11-13 23:26:54,2025-11-14 01:08:54
pr-team_3-open-3-6lfewv,u3_3,2025-10-15 07:22:54,2025-10-15 08:59:54
pr-team_3-open-3-6lfewv,u3_8,2025-10-15 07:22:54,2025-10-15 08:59:54
pr-team_3-open-4-2ex5t5,u3_3,2025-10-28 04:00:54,2025-10-28 04:58:54
pr-team_3-open-4-2ex5t5,u3_10,2025-10-28 04:00:54,2025-10-28 04:58:54
pr-team_3-open-5-0llj8y,u3_5,2025-10-26 02:06:54,2025-10-26 02:29:54
pr-team_3-open-5-0llj8y,u3_8,2025-10-26 02:06:54,2025-10-26 02:29:54
pr-team_3-open-6-3uvule,u3_8,2025-10-31 16:27:54,2025-10-31 19:39:54
pr-team_3-open-6-3uvule,u3_3,2025-10-31 16:27:54,2025-10-31 19:39:54
pr-team_3-open-7-dsfr4m,u3_10,2025-10-22 09:49:54,2025-10-22 10:18:54
pr-team_3-open-7-dsfr4m,u3_2,2025-10-22 09:49:54,2025-10-22 10:18:54
pr-team_3-open-8-73jgzl,u3_2,2025-11-01 06:09:54,2025-11-01 06:10:54
pr-team_3-open-8-73jgzl,u3_7,2025-11-01 06:09:54,2025-11-01 06:10:54
pr-team_3-merged-1-fwb0hp,u3_5,2025-11-04 11:29:54,2025-11-04 13:01:54
pr-team_3-merged-1-fwb0hp,u3_10,2025-11-04 11:29:54,2025-11-04 13:01:54
pr-team_3-merged-2-1bcppv,u3_8,2025-11-02 05:26:54,2025-11-02 06:31:54
pr-team_3-merged-2-1bcppv,u3_10,2025-11-02 05:26:54,2025-11-02 06:31:54
pr-team_3-merged-3-yvslh9,u3_2,2025-11-14 13:28:54,2025-11-14 13:55:54
pr-team_3-merged-3-yvslh9,u3_8,2025-11-14 13:28:54,2025-11-14 13:55:54
pr-team_3-merged-4-a0gnzs,u3_7,2025-10-18 20:59:54,2025-10-18 21:49:54
pr-team_3-merged-4-a0gnzs,u3_5,2025-10-18 20:59:54,2025-10-18 21:49:54
pr-team_4-open-1-5uuzpe,u4_6,2025-11-15 18:27:54,2025-11-15 19:10:54
pr-team_4-open-1-5uuzpe,u4_5,2025-11-15 18:27:54,2025-11-15 19:10:54
pr-team_4-open-2-poc50h,u4_10,2025-11-09 00:31:54,2025-11-09 02:41:54
pr-team_4-open-2-poc50h,u4_5,2025-11-09 00:31:54,2025-11-09 02:41:54
pr-team_4-open-3-ifhv1x,u4_1,2025-11-08 17:38:54,2025-11-08 20:18:54
pr-team_4-open-3-ifhv1x,u4_4,2025-11-08 17:38:54,2025-11-08 20:18:54
pr-team_4-open-4-fcpkjc,u4_9,2025-10-24 14:00:54,2025-10-24 15:19:54
pr-team_4-open-4-fcpkjc,u4_4,2025-10-24 14:00:54,2025-10-24 15:19:54
pr-team_4-open-5-x9dvnu,u4_9,2025-10-14 00:55:54,2025-10-14 02:50:54
pr-team_4-open-5-x9dvnu,u4_7,2025-10-14 00:55:54,2025-10-14 02:50:54
pr-team_4-open-6-349dxb,u4_1,2025-10-15 12:48:54,2025-10-15 14:40:54
pr-team_4-open-6-349dxb,u4_6,2025-10-15 12:48:54,2025-10-15 14:40:54
pr-team_4-open-7-bwmlun,u4_7,2025-11-05 07:41:54,2025-11-05 10:29:54
pr-team_4-open-7-bwmlun,u4_5,2025-11-05 07:41:54,2025-11-05 10:29:54
pr-team_4-open-8-lxxezd,u4_5,2025-10-22 06:57:54,2025-10-22 09:41:54
pr-team_4-open-8-lxxezd,u4_7,2025-10-22 06:57:54,2025-10-22 09:41:54
pr-team_4-merged-1-nngh8r,u4_5,2025-11-08 15:59:54,2025-11-08 16:36:54
pr-team_4-merged-1-nngh8r,u4_3,2025-11-08 15:59:54,2025-11-08 16:36:54
pr-team_4-merged-2-enf313,u4_1,2025-11-08 07:55:54,2025-11-08 08:47:54
pr-team_4-merged-2-enf313,u4_6,2025-11-08 07:55:54,2025-11-08 08:47:54
pr-team_4-merged-3-ii826g,u4_3,2025-10-23 13:49:54,2025-10-23 15:27:54
pr-team_4-merged-3-ii826g,u4_4,2025-10-23 13:49:54,2025-10-23 15:27:54
pr-team_4-merged-4-ejx5td,u4_7,2025-10-19 08:26:54,2025-10-19 08:36:54
pr-team_4-merged-4-ejx5td,u4_1,2025-10-19 08:26:54,2025-10-19 08:36:54
pr-team_5-open-1-d6357o,u5_6,2025-10-29 16:56:54,2025-10-29 18:31:54
pr-team_5-open-1-d6357o,u5_9,2025-10-29 16:56:54,2025-10-29 18:31:54
pr-team_5-open-2-4x2ek3,u5_4,2025-10-16 00:08:54,2025-10-16 03:22:54
pr-team_5-open-2-4x2ek3,u5_5,2025-10-16 00:08:54,2025-10-16 03:22:54
pr-team_5-open-3-t0sekk,u5_4,2025-11-14 12:42:54,2025-11-14 14:29:54
pr-team_5-open-3-t0sekk,u5_7,2025-11-14 12:42:54,2025-11-14 14:29:54
pr-team_5-open-4-kamugy,u5_7,2025-10-23 21:35:54,2025-10-23 21:52:54
pr-team_5-open-4-kamugy,u5_5,2025-10-23 21:35:54,2025-10-23 21:52:54
pr-team_5-open-5-mcixdu,u5_10,2025-10-13 06:46:54,2025-10-13 07:20:54
pr-team_5-open-5-mcixdu,u5_6,2025-10-13 06:46:54,2025-10-13 07:20:54
pr-team_5-open-6-w3c1qk,u5_9,2025-11-14 16:51:54,2025-11-14 17:01:54
pr-team_5-open-6-w3c1qk,u5_1,2025-11-14 16:51:54,2025-11-14 17:01:54
pr-team_5-open-7-k5bxj2,u5_1,2025-10-27 20:16:54,2025-10-27 23:26:54
pr-team_5-open-7-k5bxj2,u5_7,2025-10-27 20:16:54,2025-10-27 23:26:54
pr-team_5-open-8-7s20cv,u5_10,2025-11-08 13:03:54,2025-11-08 14:18:54
pr-team_5-open-8-7s20cv,u5_5,2025-11-08 13:03:54,2025-11-08 14:18:54
pr-team_5-merged-1-zfpq06,u5_3,2025-10-26 16:11:54,2025-10-26 17:52:54
pr-team_5-merged-1-zfpq06,u5_8,2025-10-26 16:11:54,2025-10-26 17:52:54
pr-team_5-merged-2-fv2bc2,u5_9,2025-11-03 04:02:54,2025-11-03 04:06:54
pr-team_5-merged-2-fv2bc2,u5_3,2025-11-03 04:02:54,2025-11-03 04:06:54
pr-team_5-merged-3-enlk8a,u5_1,2025-11-08 06:39:54,2025-11-08 08:35:54
pr-team_5-merged-3-enlk8a,u5_6,2025-11-08 06:39:54,2025-11-08 08:35:54
pr-team_5-merged-4-hecgz9,u5_10,2025-10-20 03:15:54,2025-10-20 03:59:54
pr-team_5-merged-4-hecgz9,u5_5,2025-10-20 03:15:54,2025-10-20 03:59:54
pr-team_6-open-1-sehe2a,u6_3,2025-10-22 13:08:54,2025-10-22 14:42:54
pr-team_6-open-1-sehe2a,u6_8,2025-10-22 13:08:54,2025-10-22 14:42:54
pr-team_6-open-2-9zs13c,u6_4,2025-11-02 08:18:54,2025-11-02 08:36:54
pr-team_6-open-2-9zs13c,u6_1,2025-11-02 08:18:54,2025-11-02 08:36:54
pr-team_6-open-3-p6beff,u6_5,2025-11-02 02:26:54,2025-11-02 03:23:54
pr-team_6-open-3-p6beff,u6_2,2025-11-02 02:26:54,2025-11-02 03:23:54
pr-team_6-open-4-wwdxvu,u6_2,2025-11-08 23:39:54,2025-11-09 02:18:54
pr-team_6-open-4-wwdxvu,u6_4,2025-11-08 23:39:54,2025-11-09 02:18:54
pr-team_6-open-5-jhuwb6,u6_9,2025-10-22 21:10:54,2025-10-22 23:54:54
pr-team_6-open-5-jhuwb6,u6_1,2025-10-22 21:10:54,2025-10-22 23:54:54
pr-team_6-open-6-foqmf5,u6_8,2025-11-02 06:11:54,2025-11-02 07:39:54
pr-team_6-open-6-foqmf5,u6_5,2025-11-02 06:11:54,2025-11-02 07:39:54
pr-team_6-open-7-eqfb85,u6_9,2025-10-28 16:11:54,2025-10-28 16:51:54
pr-team_6-open-7-eqfb85,u6_4,2025-10-28 16:11:54,2025-10-28 16:51:54
pr-team_6-open-8-q5rdoq,u6_10,2025-11-05 17:49:54,2025-11-05 20:18:54
pr-team_6-open-8-q5rdoq,u6_2,2025-11-05 17:49:54,2025-11-05 20:18:54
pr-team_6-merged-1-t4p501,u6_10,2025-11-03 10:56:54,2025-11-03 12:08:54
pr-team_6-merged-1-t4p501,u6_8,2025-11-03 10:56:54,2025-11-03 12:08:54
pr-team_6-merged-2-k9ye9o,u6_8,2025-10-19 07:50:54,2025-10-19 08:36:54
pr-team_6-merged-2-k9ye9o,u6_1,2025-10-19 07:50:54,2025-10-19 08:36:54
pr-team_6-merged-3-bz2sf6,u6_2,2025-11-10 13:10:54,2025-11-10 14:00:54
pr-team_6-merged-3-bz2sf6,u6_3,2025-11-10 13:10:54,2025-11-10 14:00:54
pr-team_6-merged-4-3ny9v2,u6_4,2025-10-23 15:06:54,2025-10-23 16:06:54
pr-team_6-merged-4-3ny9v2,u6_1,2025-10-23 15:06:54,2025-10-23 16:06:54
pr-team_7-open-1-rsz1n3,u7_4,2025-11-05 15:26:54,2025-11-05 17:52:54
pr-team_7-open-1-rsz1n3,u7_3,2025-11-05 15:26:54,2025-11-05 17:52:54
pr-team_7-open-2-fyo175,u7_1,2025-10-14 07:13:54,2025-10-14 07:28:54
pr-team_7-open-2-fyo175,u7_4,2025-10-14 07:13:54,2025-10-14 07:28:54
pr-team_7-open-3-slg6mm,u7_1,2025-10-14 23:18:54,2025-10-15 02:02:54
pr-team_7-open-3-slg6mm,u7_3,2025-10-14 23:18:54,2025-10-15 02:02:54
pr-team_7-open-4-791zyr,u7_5,2025-10-25 21:15:54,2025-10-25 23:38:54
pr-team_7-open-4-791zyr,u7_2,2025-10-25 21:15:54,2025-10-25 23:38:54
pr-team_7-open-5-382kkz,u7_10,2025-10-31 23:24:54,2025-11-01 02:11:54
pr-team_7-open-5-382kkz,u7_5,2025-10-31 23:24:54,2025-11-01 02:11:54
pr-team_7-open-6-zewviy,u7_5,2025-10-23 12:45:54,2025-10-23 15:28:54
pr-team_7-open-6-zewviy,u7_3,2025-10-23 12:45:54,2025-10-23 15:28:54
pr-team_7-open-7-ye89fx,u7_10,2025-10-26 02:17:54,2025-10-26 05:03:54
pr-team_7-open-7-ye89fx,u7_1,2025-10-26 02:17:54,2025-10-26 05:03:54
pr-team_7-open-8-xi04b7,u7_1,2025-10-28 16:09:54,2025-10-28 16:18:54
pr-team_7-open-8-xi04b7,u7_7,2025-10-28 16:09:54,2025-10-28 16:18:54
pr-team_7-merged-1-aud9k9,u7_10,2025-10-27 09:43:54,2025-10-27 11:43:54
pr-team_7-merged-1-aud9k9,u7_9,2025-10-27 09:43:54,2025-10-27 11:43:54
pr-team_7-merged-2-fqjg02,u7_7,2025-10-27 18:12:54,2025-10-27 19:30:54
pr-team_7-merged-2-fqjg02,u7_2,2025-10-27 18:12:54,2025-10-27 19:30:54
pr-team_7-merged-3-gfliji,u7_10,2025-10-21 13:28:54,2025-10-21 14:42:54
pr-team_7-merged-3-gfliji,u7_3,2025-10-21 13:28:54,2025-10-21 14:42:54
pr-team_7-merged-4-celos6,u7_5,2025-10-24 16:11:54,2025-10-24 18:08:54
pr-team_7-merged-4-celos6,u7_9,2025-10-24 16:11:54,2025-10-24 18:08:54
pr-team_8-open-1-f0votq,u8_9,2025-10-23 07:34:54,2025-10-23 08:29:54
pr-team_8-open-1-f0votq,u8_2,2025-10-23 07:34:54,2025-10-23 08:29:54
pr-team_8-open-2-7e36ht,u8_4,2025-11-09 05:30:54,2025-11-09 07:43:54
pr-team_8-open-2-7e36ht,u8_7,2025-11-09 05:30:54,2025-11-09 07:43:54
pr-team_8-open-3-qsqcq3,u8_4,2025-10-14 17:55:54,2025-10-14 19:36:54
pr-team_8-open-3-qsqcq3,u8_10,2025-10-14 17:55:54,2025-10-14 19:36:54
pr-team_8-open-4-ztc69q,u8_9,2025-11-03 16:00:54,2025-11-03 16:46:54
pr-team_8-open-4-ztc69q,u8_1,2025-11-03 16:00:54,2025-11-03 16:46:54
pr-team_8-open-5-e4e9oe,u8_10,2025-11-06 12:36:54,2025-11-06 15:49:54
pr-team_8-open-5-e4e9oe,u8_2,2025-11-06 12:36:54,2025-11-06 15:49:54
pr-team_8-open-6-imj70e,u8_8,2025-10-17 16:31:54,2025-10-17 19:08:54
pr-team_8-open-6-imj70e,u8_5,2025-10-17 16:31:54,2025-10-17 19:08:54
pr-team_8-open-7-vzb0oi,u8_10,2025-11-06 21:45:54,2025-11-07 01:03:54
pr-team_8-open-7-vzb0oi,u8_4,2025-11-06 21:45:54,2025-11-07 01:03:54
pr-team_8-open-8-vylkfx,u8_8,2025-11-06 16:09:54,2025-11-06 17:25:54
pr-team_8-open-8-vylkfx,u8_4,2025-11-06 16:09:54,2025-11-06 17:25:54
pr-team_8-merged-1-r97y2l,u8_10,2025-11-02 07:28:54,2025-11-02 08:16:54
pr-team_8-merged-1-r97y2l,u8_7,2025-11-02 07:28:54,2025-11-02 08:16:54
pr-team_8-merged-2-36u8ue,u8_8,2025-11-08 05:32:54,2025-11-08 06:54:54
pr-team_8-merged-2-36u8ue,u8_9,2025-11-08 05:32:54,2025-11-08 06:54:54
pr-team_8-merged-3-yv5g10,u8_4,2025-10-27 20:16:54,2025-10-27 22:07:54
pr-team_8-merged-3-yv5g10,u8_10,2025-10-27 20:16:54,2025-10-27 22:07:54
pr-team_8-merged-4-6zzoil,u8_5,2025-11-04 16:58:54,2025-11-04 18:21:54
pr-team_8-merged-4-6zzoil,u8_1,2025-11-04 16:58:54,2025-11-04 18:21:54
pr-team_9-open-1-1lhlb5,u9_3,2025-10-13 22:49:54,2025-10-13 22:53:54
pr-team_9-open-1-1lhlb5,u9_1,2025-10-13 22:49:54,2025-10-13 22:53:54
pr-team_9-open-2-ln4rxy,u9_7,2025-11-05 02:01:54,2025-11-05 04:06:54
pr-team_9-open-2-ln4rxy,u9_9,2025-11-05 02:01:54,2025-11-05 04:06:54
pr-team_9-open-3-7txcb4,u9_7,2025-10-17 06:10:54,2025-10-17 09:25:54
pr-team_9-open-3-7txcb4,u9_9,2025-10-17 06:10:54,2025-10-17 09:25:54
pr-team_9-open-4-hqcw76,u9_4,2025-10-17 17:48:54,2025-10-17 17:52:54
pr-team_9-open-4-hqcw76,u9_3,2025-10-17 17:48:54,2025-10-17 17:52:54
pr-team_9-open-5-9a3y36,u9_1,2025-11-11 19:21:54,2025-11-11 21:35:54
pr-team_9-open-5-9a3y36,u9_4,2025-11-11 19:21:54,2025-11-11 21:35:54
pr-team_9-open-6-c8qizk,u9_9,2025-11-13 02:34:54,2025-11-13 05:20:54
pr-team_9-open-6-c8qizk,u9_2,2025-11-13 02:34:54,2025-11-13 05:20:54
pr-team_9-open-7-wzc4xl,u9_4,2025-11-12 09:56:54,2025-11-12 10:06:54
pr-team_9-open-7-wzc4xl,u9_2,2025-11-12 09:56:54,2025-11-12 10:06:54
pr-team_9-open-8-yktxg4,u9_10,2025-11-15 23:37:54,2025-11-16 02:07:54
pr-team_9-open-8-yktxg4,u9_7,2025-11-15 23:37:54,2025-11-16 02:07:54
pr-team_9-merged-1-i4o6l1,u9_3,2025-11-11 07:54:54,2025-11-11 09:29:54
pr-team_9-merged-1-i4o6l1,u9_6,2025-11-11 07:54:54,2025-11-11 09:29:54
pr-team_9-merged-2-18o1bj,u9_3,2025-10-31 19:35:54,2025-10-31 20:45:54
pr-team_9-merged-2-18o1bj,u9_7,2025-10-31 19:35:54,2025-10-31 20:45:54
pr-team_9-merged-3-zcfzw0,u9_2,2025-11-05 15:01:54,2025-11-05 15:01:54
pr-team_9-merged-3-zcfzw0,u9_10,2025-11-05 15:01:54,2025-11-05 15:01:54
pr-team_9-merged-4-pusddt,u9_2,2025-10-26 04:40:54,2025-10-26 05:29:54
pr-team_9-merged-4-pusddt,u9_7,2025-10-26 04:40:54,2025-10-26 05:29:54
pr-team_10-open-1-sygjjf,u10_9,2025-11-09 03:03:54,2025-11-09 04:13:54
pr-team_10-open-1-sygjjf,u10_1,2025-11-09 03:03:54,2025-11-09 04:13:54
pr-team_10-open-2-jiwvhd,u10_1,2025-11-02 19:05:54,2025-11-02 20:46:54
pr-team_10-open-2-jiwvhd,u10_10,2025-11-02 19:05:54,2025-11-02 20:46:54
pr-team_10-open-3-p3xvkv,u10_1,2025-10-16 01:15:54,2025-10-16 03:17:54
pr-team_10-open-3-p3xvkv,u10_10,2025-10-16 01:15:54,2025-10-16 03:17:54
pr-team_10-open-4-82lk2n,u10_9,2025-10-22 00:49:54,2025-10-22 03:20:54
pr-team_10-open-4-82lk2n,u10_1,2025-10-22 00:49:54,2025-10-22 03:20:54
pr-team_10-open-5-7h23c4,u10_9,2025-10-29 03:49:54,2025-10-29 05:56:54
pr-team_10-open-5-7h23c4,u10_10,2025-10-29 03:49:54,2025-10-29 05:56:54
pr-team_10-open-6-z2c9ro,u10_8,2025-10-24 17:26:54,2025-10-24 19:13:54
pr-team_10-open-6-z2c9ro,u10_9,2025-10-24 17:26:54,2025-10-24 19:13:54
pr-team_10-open-7-1xmxb9,u10_3,2025-10-16 22:37:54,2025-10-17 00:19:54
pr-team_10-open-7-1xmxb9,u10_10,2025-10-16 22:37:54,2025-10-17 00:19:54
pr-team_10-open-8-h0uyhn,u10_7,2025-10-26 17:20:54,2025-10-26 20:13:54
pr-team_10-open-8-h0uyhn,u10_1,2025-10-26 17:20:54,2025-10-26 20:13:54
pr-team_10-merged-1-do8e7f,u10_1,2025-11-04 20:30:54,2025-11-04 20:56:54
pr-team_10-merged-1-do8e7f,u10_7,2025-11-04 20:30:54,2025-11-04 20:56:54
pr-team_10-merged-2-pzlk3e,u10_8,2025-10-19 17:16:54,2025-10-19 18:58:54
pr-team_10-merged-2-pzlk3e,u10_1,2025-10-19 17:16:54,2025-10-19 18:58:54
pr-team_10-merged-3-u8iogx,u10_7,2025-11-03 01:24:54,2025-11-03 02:42:54
pr-team_10-merged-3-u8iogx,u10_1,2025-11-03 01:24:54,2025-11-03 02:42:54
pr-team_10-merged-4-h13cd5,u10_10,2025-11-09 11:15:54,2025-11-09 12:13:54
pr-team_10-merged-4-h13cd5,u10_3,2025-11-09 11:15:54,2025-11-09 12:13:54
pr-team_11-open-1-noemqg,u11_4,2025-10-17 03:06:54,2025-10-17 04:22:54
pr-team_11-open-1-noemqg,u11_8,2025-10-17 03:06:54,2025-10-17 04:22:54
pr-team_11-open-2-kgyspe,u11_9,2025-10-30 06:32:54,2025-10-30 07:19:54
pr-team_11-open-2-kgyspe,u11_1,2025-10-30 06:32:54,2025-10-30 07:19:54
pr-team_11-open-3-kg4w58,u11_1,2025-10-25 15:05:54,2025-10-25 15:54:54
pr-team_11-open-3-kg4w58,u11_4,2025-10-25 15:05:54,2025-10-25 15:54:54
pr-team_11-open-4-zpgu2h,u11_1,2025-11-15 05:18:54,2025-11-15 06:15:54
pr-team_11-open-4-zpgu2h,u11_9,2025-11-15 05:18:54,2025-11-15 06:15:54
pr-team_11-open-5-sujt9t,u11_4,2025-10-13 05:24:54,2025-10-13 08:38:54
pr-team_11-open-5-sujt9t,u11_1,2025-10-13 05:24:54,2025-10-13 08:38:54
pr-team_11-open-6-k9qm3p,u11_1,2025-11-11 10:55:54,2025-11-11 11:55:54
pr-team_11-open-6-k9qm3p,u11_9,2025-11-11 10:55:54,2025-11-11 11:55:54
pr-team_11-open-7-w232ut,u11_1,2025-10-20 14:12:54,2025-10-20 14:55:54
pr-team_11-open-7-w232ut,u11_2,2025-10-20 14:12:54,2025-10-20 14:55:54
pr-team_11-open-8-9yd827,u11_4,2025-11-04 03:43:54,2025-11-04 04:15:54
pr-team_11-open-8-9yd827,u11_5,2025-11-04 03:43:54,2025-11-04 04:15:54
pr-team_11-merged-1-1yrujo,u11_1,2025-11-02 02:41:54,2025-11-02 03:46:54
pr-team_11-merged-1-1yrujo,u11_7,2025-11-02 02:41:54,2025-11-02 03:46:54
pr-team_11-merged-2-u54d8w,u11_1,2025-10-24 21:31:54,2025-10-24 22:39:54
pr-team_11-merged-2-u54d8w,u11_4,2025-10-24 21:31:54,2025-10-24 22:39:54
pr-team_11-merged-3-3muurm,u11_4,2025-10-26 09:02:54,2025-10-26 10:22:54
pr-team_11-merged-3-3muurm,u11_2,2025-10-26 09:02:54,2025-10-26 10:22:54
pr-team_11-merged-4-a8hyex,u11_2,2025-11-10 21:13:54,2025-11-10 21:59:54
pr-team_11-merged-4-a8hyex,u11_7,2025-11-10 21:13:54,2025-11-10 21:59:54
pr-team_12-open-1-okzixz,u12_8,2025-11-16 15:33:54,2025-11-16 17:35:54
pr-team_12-open-1-okzixz,u12_9,2025-11-16 15:33:54,2025-11-16 17:35:54
pr-team_12-open-2-yaz39p,u12_8,2025-11-10 17:30:54,2025-11-10 17:48:54
pr-team_12-open-2-yaz39p,u12_5,2025-11-10 17:30:54,2025-11-10 17:48:54
pr-team_12-open-3-l5e11e,u12_5,2025-10-16 20:50:54,2025-10-16 21:07:54
pr-team_12-open-3-l5e11e,u12_8,2025-10-16 20:50:54,2025-10-16 21:07:54
pr-team_12-open-4-mh07wp,u12_6,2025-11-06 18:55:54,2025-11-06 19:20:54
pr-team_12-open-4-mh07wp,u12_9,2025-11-06 18:55:54,2025-11-06 19:20:54
pr-team_12-open-5-8lfjdt,u12_8,2025-10-20 11:32:54,2025-10-20 14:07:54
pr-team_12-open-5-8lfjdt,u12_2,2025-10-20 11:32:54,2025-10-20 14:07:54
pr-team_12-open-6-ss0kb6,u12_8,2025-11-05 20:31:54,2025-11-05 22:09:54
pr-team_12-open-6-ss0kb6,u12_9,2025-11-05 20:31:54,2025-11-05 22:09:54
pr-team_12-open-7-5amln4,u12_8,2025-10-28 13:42:54,2025-10-28 16:01:54
pr-team_12-open-7-5amln4,u12_5,2025-10-28 13:42:54,2025-10-28 16:01:54
pr-team_12-open-8-cjbc2s,u12_2,2025-10-19 04:18:54,2025-10-19 06:26:54
pr-team_12-open-8-cjbc2s,u12_5,2025-10-19 04:18:54,2025-10-19 06:26:54
pr-team_12-merged-1-dc79fl,u12_9,2025-10-28 11:29:54,2025-10-28 12:58:54
pr-team_12-merged-1-dc79fl,u12_6,2025-10-28 11:29:54,2025-10-28 12:58:54
pr-team_12-merged-2-7ewbxx,u12_9,2025-11-11 12:20:54,2025-11-11 12:37:54
pr-team_12-merged-2-7ewbxx,u12_6,2025-11-11 12:20:54,2025-11-11 12:37:54
pr-team_12-merged-3-s3jn05,u12_2,2025-10-24 09:32:54,2025-10-24 11:15:54
pr-team_12-merged-3-s3jn05,u12_1,2025-10-24 09:32:54,2025-10-24 11:15:54
pr-team_12-merged-4-zucqmr,u12_2,2025-10-27 11:10:54,2025-10-27 11:42:54
pr-team_12-merged-4-zucqmr,u12_6,2025-10-27 11:10:54,2025-10-27 11:42:54
pr-team_13-open-1-4abn7g,u13_4,2025-11-15 03:34:54,2025-11-15 06:36:54
pr-team_13-open-1-4abn7g,u13_2,2025-11-15 03:34:54,2025-11-15 06:36:54
pr-team_13-open-2-6l3uey,u13_3,2025-11-14 07:04:54,2025-11-14 08:01:54
pr-team_13-open-2-6l3uey,u13_2,2025-11-14 07:04:54,2025-11-14 08:01:54
pr-team_13-open-3-1ldqnk,u13_1,2025-11-02 23:02:54,2025-11-03 01:41:54
pr-team_13-open-3-1ldqnk,u13_10,2025-11-02 23:02:54,2025-11-03 01:41:54
pr-team_13-open-4-0t2f7a,u13_5,2025-10-23 01:48:54,2025-10-23 04:30:54
pr-team_13-open-4-0t2f7a,u13_2,2025-10-23 01:48:54,2025-10-23 04:30:54
pr-team_13-open-5-dtirc9,u13_10,2025-10-15 07:43:54,2025-10-15 08:06:54
pr-team_13-open-5-dtirc9,u13_6,2025-10-15 07:43:54,2025-10-15 08:06:54
pr-team_13-open-6-9dde3c,u13_1,2025-10-21 19:53:54,2025-10-21 21:44:54
pr-team_13-open-6-9dde3c,u13_4,2025-10-21 19:53:54,2025-10-21 21:44:54
pr-team_13-open-7-z0ljch,u13_10,2025-10-21 01:38:54,2025-10-21 02:17:54
pr-team_13-open-7-z0ljch,u13_3,2025-10-21 01:38:54,2025-10-21 02:17:54
pr-team_13-open-8-t8hlje,u13_4,2025-11-09 14:36:54,2025-11-09 15:53:54
pr-team_13-open-8-t8hlje,u13_3,2025-11-09 14:36:54,2025-11-09 15:53:54
pr-team_13-merged-1-dimsyj,u13_4,2025-11-09 13:39:54,2025-11-09 14:36:54
pr-team_13-merged-1-dimsyj,u13_5,2025-11-09 13:39:54,2025-11-09 14:36:54
pr-team_13-merged-2-2fa39e,u13_3,2025-10-19 05:17:54,2025-10-19 06:37:54
pr-team_13-merged-2-2fa39e,u13_5,2025-10-19 05:17:54,2025-10-19 06:37:54
pr-team_13-merged-3-hx3d43,u13_4,2025-11-11 02:56:54,2025-11-11 03:17:54
pr-team_13-merged-3-hx3d43,u13_1,2025-11-11 02:56:54,2025-11-11 03:17:54
pr-team_13-merged-4-yghgk5,u13_2,2025-11-13 14:12:54,2025-11-13 14:49:54
pr-team_13-merged-4-yghgk5,u13_3,2025-11-13 14:12:54,2025-11-13 14:49:54
pr-team_14-open-1-npx2i9,u14_1,2025-10-22 22:05:54,2025-10-22 23:42:54
pr-team_14-open-1-npx2i9,u14_2,2025-10-22 22:05:54,2025-10-22 23:42:54
pr-team_14-open-2-javb3k,u14_3,2025-10-26 06:53:54,2025-10-26 08:24:54
pr-team_14-open-2-javb3k,u14_6,2025-10-26 06:53:54,2025-10-26 08:24:54
pr-team_14-open-3-u9n79g,u14_5,2025-11-05 23:59:54,2025-11-06 01:20:54
pr-team_14-open-3-u9n79g,u14_10,2025-11-05 23:59:54,2025-11-06 01:20:54
pr-team_14-open-4-tgbcva,u14_5,2025-10-25 21:45:54,2025-10-25 23:09:54
pr-team_14-open-4-tgbcva,u14_1,2025-10-25 21:45:54,2025-10-25 23:09:54
pr-team_14-open-5-fzfdsn,u14_5,2025-11-13 10:12:54,2025-11-13 13:12:54
pr-team_14-open-5-fzfdsn,u14_7,2025-11-13 10:12:54,2025-11-13 13:12:54
pr-team_14-open-6-0pxrlz,u14_1,2025-10-22 04:58:54,2025-10-22 07:35:54
pr-team_14-open-6-0pxrlz,u14_4,2025-10-22 04:58:54,2025-10-22 07:35:54
pr-team_14-open-7-e088o9,u14_3,2025-10-21 20:08:54,2025-10-21 20:54:54
pr-team_14-open-7-e088o9,u14_4,2025-10-21 20:08:54,2025-10-21 20:54:54
pr-team_14-open-8-0i9g5d,u14_8,2025-10-15 12:19:54,2025-10-15 15:02:54
pr-team_14-open-8-0i9g5d,u14_5,2025-10-15 12:19:54,2025-10-15 15:02:54
pr-team_14-merged-1-jdan08,u14_2,2025-10-16 12:42:54,2025-10-16 13:30:54
pr-team_14-merged-1-jdan08,u14_8,2025-10-16 12:42:54,2025-10-16 13:30:54
pr-team_14-merged-2-q2bajd,u14_10,2025-11-04 10:10:54,2025-11-04 11:43:54
pr-team_14-merged-2-q2bajd,u14_7,2025-11-04 10:10:54,2025-11-04 11:43:54
pr-team_14-merged-3-7f6fdh,u14_4,2025-11-07 05:22:54,2025-11-07 07:20:54
pr-team_14-merged-3-7f6fdh,u14_10,2025-11-07 05:22:54,2025-11-07 07:20:54
pr-team_14-merged-4-u4fmpk,u14_5,2025-10-23 06:15:54,2025-10-23 06:27:54
pr-team_14-merged-4-u4fmpk,u14_4,2025-10-23 06:15:54,2025-10-23 06:27:54
pr-team_15-open-1-2q6jxn,u15_7,2025-10-30 20:12:54,2025-10-30 21:46:54
pr-team_15-open-1-2q6jxn,u15_8,2025-10-30 20:12:54,2025-10-30 21:46:54
pr-team_15-open-2-ufzdy3,u15_9,2025-10-28 22:52:54,2025-10-29 01:22:54
pr-team_15-open-2-ufzdy3,u15_2,2025-10-28 22:52:54,2025-10-29 01:22:54
pr-team_15-open-3-5rc6zs,u15_6,2025-10-24 05:46:54,2025-10-24 08:39:54
pr-team_15-open-3-5rc6zs,u15_9,2025-10-24 05:46:54,2025-10-24 08:39:54
pr-team_15-open-4-bcyh3f,u15_1,2025-10-20 14:59:54,2025-10-20 16:20:54
pr-team_15-open-4-bcyh3f,u15_7,2025-10-20 14:59:54,2025-10-20 16:20:54
pr-team_15-open-5-2wspof,u15_7,2025-10-21 00:09:54,2025-10-21 03:23:54
pr-team_15-open-5-2wspof,u15_5,2025-10-21 00:09:54,2025-10-21 03:23:54
pr-team_15-open-6-xurgow,u15_4,2025-10-16 19:10:54,2025-10-16 20:52:54
pr-team_15-open-6-xurgow,u15_5,2025-10-16 19:10:54,2025-10-16 20:52:54
pr-team_15-open-7-6a3kkr,u15_1,2025-10-16 02:20:54,2025-10-16 02:45:54
pr-team_15-open-7-6a3kkr,u15_6,2025-10-16 02:20:54,2025-10-16 02:45:54
pr-team_15-open-8-xgh301,u15_8,2025-10-30 15:40:54,2025-10-30 17:51:54
pr-team_15-open-8-xgh301,u15_7,2025-10-30 15:40:54,2025-10-30 17:51:54
pr-team_15-merged-1-g34iq7,u15_6,2025-10-23 22:37:54,2025-10-24 00:22:54
pr-team_15-merged-1-g34iq7,u15_4,2025-10-23 22:37:54,2025-10-24 00:22:54
pr-team_15-merged-2-q8rtm4,u15_4,2025-11-07 05:26:54,2025-11-07 05:29:54
pr-team_15-merged-2-q8rtm4,u15_8,2025-11-07 05:26:54,2025-11-07 05:29:54
pr-team_15-merged-3-joa21a,u15_10,2025-10-17 14:06:54,2025-10-17 15:48:54
pr-team_15-merged-3-joa21a,u15_9,2025-10-17 14:06:54,2025-10-17 15:48:54
pr-team_15-merged-4-qhkswv,u15_9,2025-11-14 01:01:54,2025-11-14 02:23:54
pr-team_15-merged-4-qhkswv,u15_3,2025-11-14 01:01:54,2025-11-14 02:23:54
pr-team_16-open-1-5jz6kf,u16_5,2025-11-05 17:36:54,2025-11-05 20:09:54
pr-team_16-open-1-5jz6kf,u16_3,2025-11-05 17:36:54,2025-11-05 20:09:54
pr-team_16-open-2-o0u93m,u16_2,2025-10-15 05:35:54,2025-10-15 08:30:54
pr-team_16-open-2-o0u93m,u16_4,2025-10-15 05:35:54,2025-10-15 08:30:54
pr-team_16-open-3-dej31g,u16_1,2025-10-16 18:50:54,2025-10-16 21:37:54
pr-team_16-open-3-dej31g,u16_6,2025-10-16 18:50:54,2025-10-16 21:37:54
pr-team_16-open-4-vqebwu,u16_6,2025-10-19 10:13:54,2025-10-19 12:13:54
pr-team_16-open-4-vqebwu,u16_1,2025-10-19 10:13:54,2025-10-19 12:13:54
pr-team_16-open-5-ehou6q,u16_6,2025-11-02 09:19:54,2025-11-02 10:05:54
pr-team_16-open-5-ehou6q,u16_1,2025-11-02 09:19:54,2025-11-02 10:05:54
pr-team_16-open-6-qh1uf2,u16_3,2025-11-12 16:14:54,2025-11-12 18:51:54
pr-team_16-open-6-qh1uf2,u16_4,2025-11-12 16:14:54,2025-11-12 18:51:54
pr-team_16-open-7-hnal3g,u16_5,2025-10-16 20:40:54,2025-10-16 23:20:54
pr-team_16-open-7-hnal3g,u16_8,2025-10-16 20:40:54,2025-10-16 23:20:54
pr-team_16-open-8-vg3kk0,u16_5,2025-10-20 14:41:54,2025-10-20 16:07:54
pr-team_16-open-8-vg3kk0,u16_6,2025-10-20 14:41:54,2025-10-20 16:07:54
pr-team_16-merged-1-i0e0vg,u16_3,2025-11-04 13:38:54,2025-11-04 15:30:54
pr-team_16-merged-1-i0e0vg,u16_4,2025-11-04 13:38:54,2025-11-04 15:30:54
pr-team_16-merged-2-pejzhy,u16_6,2025-11-14 02:14:54,2025-11-14 02:26:54
pr-team_16-merged-2-pejzhy,u16_3,2025-11-14 02:14:54,2025-11-14 02:26:54
pr-team_16-merged-3-edhhjs,u16_8,2025-11-08 00:27:54,2025-11-08 00:47:54
pr-team_16-merged-3-edhhjs,u16_6,2025-11-08 00:27:54,2025-11-08 00:47:54
pr-team_16-merged-4-y64yfd,u16_3,2025-10-31 02:45:54,2025-10-31 03:17:54
pr-team_16-merged-4-y64yfd,u16_7,2025-10-31 02:45:54,2025-10-31 03:17:54
pr-team_17-open-1-4mype4,u17_3,2025-11-14 13:45:54,2025-11-14 14:20:54
pr-team_17-open-1-4mype4,u17_2,2025-11-14 13:45:54,2025-11-14 14:20:54
pr-team_17-open-2-3go8jn,u17_5,2025-10-25 23:15:54,2025-10-26 02:01:54
pr-team_17-open-2-3go8jn,u17_7,2025-10-25 23:15:54,2025-10-26 02:01:54
pr-team_17-open-3-d6rupw,u17_5,2025-10-31 10:45:54,2025-10-31 10:52:54
pr-team_17-open-3-d6rupw,u17_2,2025-10-31 10:45:54,2025-10-31 10:52:54
pr-team_17-open-4-pcxa5s,u17_10,2025-10-13 22:03:54,2025-10-14 01:08:54
pr-team_17-open-4-pcxa5s,u17_5,2025-10-13 22:03:54,2025-10-14 01:08:54
pr-team_17-open-5-myn4u9,u17_10,2025-11-14 04:16:54,2025-11-14 07:00:54
pr-team_17-open-5-myn4u9,u17_9,2025-11-14 04:16:54,2025-11-14 07:00:54
pr-team_17-open-6-i8bixo,u17_9,2025-11-05 23:30:54,2025-11-06 01:27:54
pr-team_17-open-6-i8bixo,u17_4,2025-11-05 23:30:54,2025-11-06 01:27:54
pr-team_17-open-7-erxdou,u17_2,2025-11-16 16:02:54,2025-11-16 18:36:54
pr-team_17-open-7-erxdou,u17_5,2025-11-16 16:02:54,2025-11-16 18:36:54
pr-team_17-open-8-nbiquw,u17_3,2025-10-26 06:06:54,2025-10-26 08:54:54
pr-team_17-open-8-nbiquw,u17_10,2025-10-26 06:06:54,2025-10-26 08:54:54
pr-team_17-merged-1-m38ksz,u17_5,2025-11-12 19:07:54,2025-11-12 20:52:54
pr-team_17-merged-1-m38ksz,u17_7,2025-11-12 19:07:54,2025-11-12 20:52:54
pr-team_17-merged-2-h3gm1b,u17_4,2025-10-26 04:28:54,2025-10-26 06:22:54
pr-team_17-merged-2-h3gm1b,u17_2,2025-10-26 04:28:54,2025-10-26 06:22:54
pr-team_17-merged-3-0tpv72,u17_7,2025-10-17 13:23:54,2025-10-17 15:07:54
pr-team_17-merged-3-0tpv72,u17_10,2025-10-17 13:23:54,2025-10-17 15:07:54
pr-team_17-merged-4-961j88,u17_2,2025-11-01 18:42:54,2025-11-01 19:59:54
pr-team_17-merged-4-961j88,u17_3,2025-11-01 18:42:54,2025-11-01 19:59:54
pr-team_18-open-1-whwkmy,u18_7,2025-10-15 10:40:54,2025-10-15 11:25:54
pr-team_18-open-1-whwkmy,u18_2,2025-10-15 10:40:54,2025-10-15 11:25:54
pr-team_18-open-2-k43saf,u18_10,2025-10-17 03:59:54,2025-10-17 04:50:54
pr-team_18-open-2-k43saf,u18_4,2025-10-17 03:59:54,2025-10-17 04:50:54
pr-team_18-open-3-1b3d50,u18_5,2025-11-06 14:00:54,2025-11-06 16:45:54
pr-team_18-open-3-1b3d50,u18_7,2025-11-06 14:00:54,2025-11-06 16:45:54
pr-team_18-open-4-89ltaj,u18_10,2025-10-19 13:20:54,2025-10-19 15:13:54
pr-team_18-open-4-89ltaj,u18_1,2025-10-19 13:20:54,2025-10-19 15:13:54
pr-team_18-open-5-q9c80e,u18_4,2025-11-14 21:16:54,2025-11-14 22:27:54
pr-team_18-open-5-q9c80e,u18_7,2025-11-14 21:16:54,2025-11-14 22:27:54
pr-team_18-open-6-zfflb7,u18_4,2025-10-19 18:15:54,2025-10-19 19:32:54
pr-team_18-open-6-zfflb7,u18_2,2025-10-19 18:15:54,2025-10-19 19:32:54
pr-team_18-open-7-hgcsot,u18_1,2025-11-12 12:54:54,2025-11-12 13:50:54
pr-team_18-open-7-hgcsot,u18_10,2025-11-12 12:54:54,2025-11-12 13:50:54
pr-team_18-open-8-39ayq6,u18_8,2025-10-19 20:10:54,2025-10-19 21:12:54
pr-team_18-open-8-39ayq6,u18_2,2025-10-19 20:10:54,2025-10-19 21:12:54
pr-team_18-merged-1-63n2qb,u18_7,2025-10-17 19:31:54,2025-10-17 20:36:54
pr-team_18-merged-1-63n2qb,u18_5,2025-10-17 19:31:54,2025-10-17 20:36:54
pr-team_18-merged-2-y15pdt,u18_5,2025-10-22 10:12:54,2025-10-22 11:56:54
pr-team_18-merged-2-y15pdt,u18_3,2025-10-22 10:12:54,2025-10-22 11:56:54
pr-team_18-merged-3-db2uui,u18_3,2025-11-06 01:47:54,2025-11-06 03:07:54
pr-team_18-merged-3-db2uui,u18_6,2025-11-06 01:47:54,2025-11-06 03:07:54
pr-team_18-merged-4-azc0b4,u18_8,2025-11-04 10:27:54,2025-11-04 12:07:54
pr-team_18-merged-4-azc0b4,u18_1,2025-11-04 10:27:54,2025-11-04 12:07:54
pr-team_19-open-1-fh024k,u19_4,2025-10-18 19:54:54,2025-10-18 21:10:54
pr-team_19-open-1-fh024k,u19_3,2025-10-18 19:54:54,2025-10-18 21:10:54
pr-team_19-open-2-uotdh0,u19_5,2025-10-14 16:23:54,2025-10-14 17:17:54
pr-team_19-open-2-uotdh0,u19_4,2025-10-14 16:23:54,2025-10-14 17:17:54
pr-team_19-open-3-4gg244,u19_8,2025-10-22 18:19:54,2025-10-22 21:04:54
pr-team_19-open-3-4gg244,u19_4,2025-10-22 18:19:54,2025-10-22 21:04:54
pr-team_19-open-4-rlexdw,u19_1,2025-11-07 21:50:54,2025-11-07 23:54:54
pr-team_19-open-4-rlexdw,u19_4,2025-11-07 21:50:54,2025-11-07 23:54:54
pr-team_19-open-5-8gl2zx,u19_1,2025-11-04 03:10:54,2025-11-04 03:44:54
pr-team_19-open-5-8gl2zx,u19_5,2025-11-04 03:10:54,2025-11-04 03:44:54
pr-team_19-open-6-dxck36,u19_4,2025-11-07 18:24:54,2025-11-07 21:31:54
pr-team_19-open-6-dxck36,u19_8,2025-11-07 18:24:54,2025-11-07 21:31:54
pr-team_19-open-7-hbj6tx,u19_6,2025-11-09 23:03:54,2025-11-10 00:43:54
pr-team_19-open-7-hbj6tx,u19_3,2025-11-09 23:03:54,2025-11-10 00:43:54
pr-team_19-open-8-ai89y1,u19_8,2025-11-10 08:25:54,2025-11-10 09:05:54
pr-team_19-open-8-ai89y1,u19_1,2025-11-10 08:25:54,2025-11-10 09:05:54
pr-team_19-merged-1-1ijiys,u19_5,2025-10-20 03:50:54,2025-10-20 05:47:54
pr-team_19-merged-1-1ijiys,u19_2,2025-10-20 03:50:54,2025-10-20 05:47:54
pr-team_19-merged-2-uunnv6,u19_1,2025-11-12 15:38:54,2025-11-12 17:34:54
pr-team_19-merged-2-uunnv6,u19_7,2025-11-12 15:38:54,2025-11-12 17:34:54
pr-team_19-merged-3-a5pisk,u19_5,2025-11-11 14:36:54,2025-11-11 15:53:54
pr-team_19-merged-3-a5pisk,u19_9,2025-11-11 14:36:54,2025-11-11 15:53:54
pr-team_19-merged-4-hf4abu,u19_7,2025-11-08 17:55:54,2025-11-08 19:49:54
pr-team_19-merged-4-hf4abu,u19_4,2025-11-08 17:55:54,2025-11-08 19:49:54
