name,created_at,updated_at
test_backend,2025-11-16 00:38:54,2025-11-16 00:50:54
team_1,2025-11-15 02:17:54,2025-11-15 04:22:54
team_2,2025-11-15 09:22:54,2025-11-15 10:33:54
team_3,2025-11-16 01:51:54,2025-11-16 07:37:54
team_4,2025-11-13 13:23:54,2025-11-13 14:07:54
team_5,2025-11-13 07:13:54,2025-11-13 10:49:54
team_6,2025-11-16 11:30:54,2025-11-16 11:45:54
team_7,2025-11-16 03:03:54,2025-11-16 04:54:54
team_8,2025-11-15 08:05:54,2025-11-15 12:23:54
team_9,2025-11-13 05:39:54,2025-11-13 05:52:54
team_10,2025-11-13 11:13:54,2025-11-13 12:54:54
team_11,2025-11-13 13:26:54,2025-11-13 17:00:54
team_12,2025-11-15 09:45:54,2025-11-15 13:34:54
team_13,2025-11-13 07:23:54,2025-11-13 09:45:54
team_14,2025-11-16 14:57:54,2025-11-16 21:25:54
team_15,2025-11-15 18:03:54,2025-11-16 00:00:54
team_16,2025-11-14 06:08:54,2025-11-14 09:02:54
team_17,2025-11-15 01:54:54,2025-11-15 03:13:54
team_18,2025-11-15 10:27:54,2025-11-15 18:37:54
team_19,2025-11-14 17:53:54,2025-11-14 18:45:54
